"Subtype","Best_Resp","RECIST","CB_6mth","CB_6mth_yn","OR","irOR","n_therapies","ECOG","biopsy_site","latest_treatment","latest_treatment_class","Dose_level","Cohort","PFS_Time","PFS_Event","OS_Time","OS_Event","exceptional_response","ID"
"TNBC","SD","Non-responder","SD","Yes","No","No",3,1,NA,"capecitabine","Antimetabolite","RP2D","Expansion",14.52,1,50.92,0,"**","R-1"
"TNBC","PR","Responder","PR","Yes","Yes","Yes",5,0,"Lymph_Node","eribulin","Antimicrotubule","RP2D","Expansion",4.83,1,19.58,1,"","R-2"
"HR+","PD","Non-responder","PR","Yes","No","No",8,1,"Liver","gemcitabine","Antimetabolite","RP2D","Expansion",2.27,1,13.34,1,"","R-4"
"TNBC","CR","Responder","CR","Yes","Yes","Yes",4,0,"Chest_Wall","trx518","MonoclonalAntibody","4","Escalation",11.43,0,52.14,0,"*","R-5"
"TNBC","SD","Non-responder","Died","No","No","No",5,1,"Chest_Wall","eribulin ","Antimicrotubule","RP2D","Expansion",2.83,1,2.83,1,"","R-6"
"TNBC","SD","Non-responder","Unknown","No","No","No",6,0,"Lung","vinorelbine","Antimicrotubule","RP2D","Expansion",11.2,1,11.2,1,"","R-7"
"TNBC","PD","Non-responder","PD","No","No","No",3,1,"Breast","carboplatin","Alkylating agent","RP2D","Expansion",2.2,1,8.08,1,"","R-8"
"HR+","PD","Non-responder","Unknown","No","No","No",13,1,"Omentum","liposomal doxorubicin","Anthracycline ","RP2D","Expansion",1.31,1,1.71,1,"","R-9"
"HR+","SD","Non-responder","Unknown","No","No","No",7,1,"Lymph_Node","nab-paclitaxel","Antimicrotubule","4","Escalation",46.85,1,46.85,1,"","R-10"
"HR+","PD","Non-responder","Off study","No","No","No",7,0,"Liver","velaparib","PARPinhibitor","4","Escalation",1.31,1,3.45,1,"","R-12"
"HR+","SD","Non-responder","Died","No","No","No",8,1,"Liver","doxorubicin","Anthracycline ","4","Escalation",4.8,1,4.8,1,"","R-13"
"TNBC","PR","Responder","PR","Yes","Yes","Yes",10,1,"Lymph_Node","docetaxel","Antimicrotubule","RP2D","Expansion",22.37,1,24.38,1,"","R-14"
"TNBC","SD","Non-responder","SD","Yes","No","No",1,1,"Lymph_Node","capecitabine","Antimetabolite","RP2D","Expansion",8.08,1,16.76,1,"","R-15"
"TNBC","PR","Responder","PR","Yes","Yes","Yes",3,1,"Lung","gemcitabine","Antimetabolite","RP2D","Expansion",19.52,0,24.02,0,"*","R-16"
"TNBC","PD","Non-responder","PD","No","No","No",4,0,"Liver","olaparib","PARPinhibitor","RP2D","Expansion",2.1,1,11.99,1,"","R-17"
"HR+","PR","Responder","PR","Yes","Yes","Yes",12,1,"Chest_Wall","eribulin ","Antimicrotubule","RP2D","Escalation",9.23,0,67.35,0,"","R-18"
"HR+","PD","Non-responder","PD","No","No","No",8,1,"Lymph_Node","eribulin","Antimicrotubule","RP2D","Escalation",2.27,1,11.66,1,"","R-19"
"HR+","SD","Non-responder","Died","No","No","No",10,0,"Breast","everolimus","mTORinhibitor","RP2D","Expansion",7.33,1,7.33,1,"","R-20"
"HR+","SD","Non-responder","Died","No","No","No",7,1,"Chest_Wall","eribulin","Antimicrotubule","RP2D","Expansion",5.03,1,5.03,1,"","R-23"
"HR+","PD","Non-responder","PD","No","No","No",12,1,"Liver","paclitaxel","Antimicrotubule","RP2D","Expansion",6.74,1,6.74,1,"","R-24"
